news_id	rater1	rater2
1	0	0
2	-1	-1
3	1	0
4	0	-1
5	-1	-1
6	0	1
7	0	0
8	-1	-1
9	-1	-1
10	-1	-1
11	-1	0
12	1	1
13	-1	0
14	-1	-1
15	-1	-1
16	1	0
17	-1	-1
18	-1	-1
19	-1	-1
20	-1	-1
32	1	1
37	0	1
39	-1	-1
40	1	1
42	-1	-1
45	1	1
46	0	1
50	-1	-1
52	0	1
54	-1	-1
55	0	-1
56	-1	-1
57	0	-1
58	0	-1
59	0	0
60	1	0
61	0	0
62	-1	-1
63	0	-1
64	0	-1
65	0	1
66	-1	-1
67	-1	-1
68	-1	-1
69	-1	-1
70	0	-1
71	-1	-1
72	0	-1
73	0	0
74	-1	0
75	-1	-1
76	0	1
77	0	1
78	-1	-1
79	0	-1
80	0	0
81	0	-1
82	0	0
83	0	-1
84	-1	-1
85	0	1
86	0	-1
87	1	1
88	0	-1
89	0	-1
90	0	0
91	-1	-1
92	-1	0
93	0	-1
94	-1	-1
95	1	1
96	0	-1
97	0	0
98	-1	-1
99	-1	-1
100	0	1
101	-1	-1
102	0	-1
103	0	-1
104	0	-1
105	-1	-1
106	0	1
107	0	0
108	0	0
109	-1	-1
110	0	-1
111	0	1
112	0	1
113	0	-1
114	0	1
115	1	1
116	1	1
117	0	1
118	1	1
119	-1	-1
120	-1	0
121	1	-1
122	1	0
123	-1	-1
124	0	-1
125	-1	-1
126	0	0
127	0	1
128	-1	-1
129	-1	-1
130	-1	-1
131	-1	1
132	1	1
133	1	0
134	-1	-1
135	-1	-1
136	1	1
137	1	1
138	0	0
139	-1	-1
140	-1	-1
141	-1	-1
142	0	1
143	-1	-1
144	-1	-1
145	0	0
146	1	1
147	-1	-1
148	1	1
149	0	0
150	1	1
151	-1	-1
152	-1	-1
153	-1	-1
154	0	1
155	-1	-1
156	-1	1
157	-1	-1
158	1	0
159	-1	-1
160	1	1
161	1	1
162	1	1
163	1	1
164	-1	-1
165	1	-1
166	1	0
167	-1	-1
168	0	0
169	1	1
170	0	0
171	1	0
172	-1	-1
173	1	1
174	0	0
175	0	0
176	0	0
177	-1	-1
178	-1	-1
179	0	0
180	0	0
181	1	1
182	-1	-1
183	-1	-1
184	1	1
185	-1	-1
186	0	0
187	-1	-1
188	0	0
189	1	0
190	1	1
191	0	0
192	-1	-1
193	1	0
194	-1	-1
195	-1	-1
196	-1	-1
197	1	0
198	-1	-1
199	1	0
200	-1	-1
201	-1	-1
202	0	0
203	1	1
204	0	0
205	1	1
206	-1	-1
207	1	0
208	1	1
209	-1	-1
210	0	0
211	0	0
212	-1	-1
213	-1	-1
214	0	0
215	-1	-1
216	0	0
217	-1	-1
218	-1	-1
219	-1	-1
220	-1	-1
221	0	0
222	-1	-1
223	1	0
224	-1	-1
225	0	0
226	0	0
227	1	1
228	0	0
229	1	0
230	1	0
231	0	0
232	0	0
233	-1	-1
234	0	0
235	-1	-1
236	-1	-1
237	1	0
238	1	0
239	1	0
240	1	1
241	-1	-1
242	-1	-1
243	0	0
244	-1	-1
245	-1	-1
246	0	0
247	-1	-1
248	-1	-1
249	-1	-1
250	1	0
251	-1	-1
252	1	0
253	1	1
254	-1	-1
255	-1	-1
256	1	1
257	-1	-1
258	1	0
259	0	0
260	-1	-1
261	-1	-1
262	-1	-1
263	0	0
264	1	0
265	0	0
266	0	0
267	-1	-1
268	0	0
269	-1	-1
270	0	0
271	-1	-1
272	1	0
273	-1	-1
274	1	0
275	0	0
276	1	0
277	-1	-1
278	1	0
279	0	0
280	1	0
281	-1	-1
282	0	0
283	1	0
284	1	1
285	-1	-1
286	1	0
287	0	0
288	0	0
289	0	0
290	1	0
291	0	0
292	-1	-1
293	0	0
294	1	1
295	1	1
296	-1	-1
297	1	1
298	0	0
299	1	0
300	1	0
301	1	0
302	-1	-1
303	0	0
304	1	0
305	0	0
306	0	0
307	0	0
308	0	0
309	-1	-1
310	1	1
311	-1	-1
312	-1	-1
313	1	1
314	1	0
315	-1	-1
316	-1	-1
317	1	0
318	1	0
319	0	0
320	1	0
321	-1	-1
322	-1	-1
323	0	0
324	0	0
325	1	1
326	-1	-1
327	1	1
328	0	0
329	-1	-1
330	0	0
331	-1	-1
332	-1	-1
333	0	0
334	-1	-1
335	-1	-1
336	-1	-1
337	0	0
338	1	0
339	0	0
340	1	1
341	-1	-1
342	0	0
343	1	1
344	0	0
345	-1	-1
346	1	0
347	-1	-1
348	-1	-1
349	-1	-1
350	0	0
351	-1	-1
352	1	1
353	-1	-1
354	-1	-1
355	1	1
356	0	0
357	-1	-1
358	0	0
359	-1	-1
360	1	1
361	1	0
362	0	0
363	1	0
364	0	0
365	-1	-1
366	1	1
367	0	0
368	-1	-1
369	-1	-1
370	-1	-1
371	-1	-1
372	0	0
373	0	0
374	-1	-1
375	0	0
376	-1	-1
377	0	0
378	1	0
379	1	0
380	-1	-1
381	-1	-1
382	0	0
383	1	0
384	0	0
385	-1	-1
386	1	1
387	-1	-1
388	1	0
389	0	0
390	1	0
391	-1	-1
392	0	0
393	1	1
394	0	0
395	-1	-1
396	1	0
397	1	0
398	1	0
399	1	0
400	-1	-1
401	-1	-1
402	-1	-1
403	-1	-1
404	1	1
405	-1	-1
406	1	1
407	1	0
408	-1	-1
409	-1	-1
410	-1	-1
411	0	0
412	0	0
413	1	0
414	0	0
415	0	0
416	-1	-1
417	1	0
418	1	0
419	-1	-1
420	1	0
421	-1	-1
422	0	0
423	1	0
424	-1	-1
425	1	1
426	0	0
427	1	0
428	-1	-1
429	1	1
430	1	0
431	1	1
432	-1	-1
433	-1	-1
434	-1	-1
435	-1	-1
436	1	1
437	1	0
438	0	0
439	1	1
440	0	0
441	1	0
442	-1	-1
443	0	0
444	-1	-1
445	-1	-1
446	-1	-1
447	1	0
448	0	0
449	1	0
450	-1	-1
451	0	0
452	0	0
453	0	0
454	0	0
455	0	0
456	-1	-1
457	1	0
458	1	1
459	-1	-1
460	0	0
461	-1	-1
462	1	1
463	-1	-1
464	-1	-1
465	-1	-1
466	-1	-1
467	-1	-1
468	0	0
469	-1	-1
470	-1	-1
471	0	0
472	0	0
473	0	0
474	-1	-1
475	0	0
476	0	0
477	0	0
478	1	0
479	0	0
480	0	0
481	-1	-1
482	1	1
483	-1	-1
484	1	1
485	0	0
486	-1	-1
487	0	0
488	1	0
489	1	0
490	-1	-1
491	-1	-1
492	1	1
493	-1	-1
494	0	0
495	0	0
496	-1	-1
497	-1	-1
498	-1	-1
499	-1	-1
500	0	0
501	0	0
502	-1	-1
503	-1	-1
504	-1	-1
505	-1	-1
506	0	0
507	-1	-1
508	-1	-1
509	-1	-1
510	-1	-1
511	0	0
512	-1	-1
513	-1	-1
514	-1	-1
515	0	0
516	-1	-1
517	-1	-1
518	1	1
519	1	0
520	0	0
521	-1	-1
522	1	1
523	-1	-1
524	0	0
525	0	0
526	1	1
527	-1	-1
528	0	0
529	1	0
530	-1	-1
531	0	0
532	1	0
533	-1	-1
534	1	1
535	1	0
536	-1	-1
537	1	0
538	1	1
539	0	0
540	0	0
541	-1	-1
542	-1	-1
543	-1	-1
544	0	0
545	1	0
546	1	1
547	-1	-1
548	1	1
549	1	1
550	-1	-1
551	-1	-1
552	1	1
553	-1	-1
554	1	1
555	-1	-1
556	0	0
558	-1	-1
559	-1	-1
560	1	1
561	1	1
562	0	0
563	1	1
564	-1	-1
565	1	0
566	-1	-1
567	1	1
568	1	0
569	1	1
570	-1	-1
571	-1	-1
572	0	0
573	1	0
574	-1	-1
575	-1	-1
576	-1	-1
577	-1	-1
578	0	0
579	0	0
580	-1	-1
581	-1	-1
582	-1	-1
583	-1	-1
584	0	0
585	0	0
586	-1	-1
587	1	1
588	1	1
589	1	0
590	1	0
591	1	1
592	-1	-1
593	-1	-1
594	1	1
595	0	0
596	-1	-1
597	0	0
598	-1	-1
599	-1	-1
600	-1	-1
601	-1	-1
602	0	0
603	0	0
604	-1	-1
605	-1	-1
606	-1	-1
607	-1	-1
608	1	0
609	1	0
610	-1	-1
611	-1	-1
612	-1	-1
613	0	0
614	0	0
615	1	0
616	-1	-1
617	-1	-1
618	-1	-1
619	-1	-1
620	-1	-1
621	-1	-1
622	-1	-1
623	0	0
624	-1	-1
625	0	0
626	1	0
627	1	1
628	-1	-1
629	-1	-1
630	1	1
631	-1	-1
632	0	0
633	-1	-1
634	-1	-1
635	0	0
636	0	0
637	-1	-1
638	-1	-1
639	0	0
640	-1	-1
641	-1	-1
642	1	1
643	0	0
644	0	0
645	-1	-1
646	0	0
647	0	0
648	0	0
649	0	0
650	0	0
651	-1	-1
652	-1	-1
653	-1	-1
654	0	0
655	-1	-1
656	-1	-1
657	-1	-1
658	0	0
659	0	0
660	0	0
661	0	0
662	0	0
663	0	0
664	-1	-1
665	-1	-1
666	-1	-1
667	-1	-1
668	1	0
669	1	1
670	-1	-1
671	0	0
672	-1	-1
673	0	0
674	0	0
675	-1	-1
676	-1	-1
677	-1	-1
678	-1	-1
679	0	0
680	0	0
681	-1	-1
682	0	0
683	0	0
684	-1	-1
685	1	1
686	0	0
687	-1	-1
688	-1	-1
689	0	0
690	-1	-1
691	0	0
692	-1	-1
693	0	0
694	-1	-1
695	-1	-1
696	1	0
697	1	0
698	1	0
699	1	1
700	-1	-1
701	0	0
702	0	0
703	-1	-1
704	0	0
705	1	0
706	-1	-1
707	0	0
708	0	0
709	0	0
710	0	0
711	0	0
712	-1	-1
713	-1	-1
714	-1	-1
715	-1	-1
716	-1	-1
717	0	0
718	1	0
719	1	0
720	0	0
721	1	1
722	-1	-1
723	1	1
724	-1	-1
725	-1	-1
726	-1	-1
727	0	0
728	0	0
729	-1	-1
730	1	1
731	0	0
732	-1	-1
733	1	0
734	0	0
735	-1	-1
736	1	0
737	0	0
738	1	0
739	1	1
740	0	0
741	-1	-1
742	1	0
743	1	1
744	0	0
745	-1	-1
746	0	0
747	0	0
748	0	0
749	-1	-1
750	1	1
751	0	0
752	1	0
753	1	1
754	0	0
755	-1	-1
756	-1	-1
757	-1	-1
758	-1	-1
759	-1	-1
760	1	1
761	-1	-1
762	1	0
763	0	0
764	-1	-1
765	1	0
766	-1	-1
767	0	0
768	0	0
769	0	0
770	0	0
771	-1	-1
772	0	0
773	-1	-1
774	1	0
775	-1	-1
776	-1	-1
777	1	0
778	-1	-1
779	-1	-1
780	1	0
781	-1	-1
782	-1	-1
783	1	0
784	-1	-1
785	-1	-1
786	-1	-1
787	0	0
788	-1	-1
789	-1	-1
790	1	1
791	1	1
792	-1	-1
793	1	0
794	-1	-1
795	-1	-1
796	0	0
797	1	1
798	0	0
799	1	1
800	-1	-1
801	-1	-1
802	1	1
803	-1	-1
804	-1	-1
805	1	1
806	0	0
807	0	0
808	-1	-1
809	-1	-1
810	0	0
811	-1	-1
812	0	0
813	1	1
814	-1	-1
815	0	0
816	-1	-1
817	0	0
818	-1	-1
819	-1	-1
820	0	0
821	-1	-1
822	1	0
823	0	0
824	0	0
825	0	0
826	-1	-1
827	1	0
828	-1	-1
829	1	1
830	1	1
831	1	0
832	-1	-1
833	0	0
834	1	1
835	0	0
836	-1	-1
837	-1	-1
838	-1	-1
839	-1	-1
840	1	1
841	0	0
842	1	0
843	0	0
844	-1	-1
845	0	0
846	0	0
847	0	0
848	1	1
849	0	0
850	-1	-1
851	0	0
852	1	0
853	-1	-1
854	0	0
855	1	1
856	0	0
857	1	0
858	-1	-1
859	1	0
860	1	1
861	0	0
862	1	1
863	1	0
864	0	0
865	-1	-1
866	0	0
867	1	0
868	1	1
869	-1	-1
870	1	0
871	1	0
872	1	0
873	1	0
874	-1	-1
875	0	0
876	1	1
877	1	0
878	1	0
879	1	0
880	-1	-1
881	1	1
882	0	0
883	0	0
884	-1	-1
885	-1	-1
886	-1	-1
887	1	1
888	1	1
889	0	0
890	1	0
891	-1	-1
892	-1	-1
893	-1	-1
894	1	1
895	0	0
896	1	0
897	0	0
898	-1	-1
899	-1	-1
900	0	0
901	1	0
902	0	0
903	-1	-1
904	-1	-1
905	-1	-1
906	1	0
907	1	0
908	-1	-1
909	-1	-1
910	0	0
911	0	0
912	-1	-1
913	1	1
914	1	0
915	1	0
916	1	1
917	-1	-1
918	-1	-1
919	-1	-1
920	1	0
921	0	0
922	-1	-1
923	1	1
924	0	0
925	1	0
926	0	0
927	1	1
928	0	0
929	1	0
930	0	0
931	-1	-1
932	0	0
933	-1	-1
934	-1	-1
935	-1	-1
936	0	0
937	-1	-1
938	-1	-1
939	-1	-1
940	0	0
941	0	0
942	0	0
943	-1	-1
944	0	0
945	1	1
946	0	0
947	0	0
948	0	0
949	1	1
950	-1	-1
951	1	0
952	0	0
953	0	0
954	1	1
955	-1	-1
956	-1	-1
957	-1	-1
958	0	0
959	1	0
960	0	0
961	-1	-1
962	-1	-1
963	-1	-1
964	-1	-1
965	1	0
966	0	0
967	0	0
968	-1	-1
969	-1	-1
970	0	0
971	-1	-1
972	-1	-1
973	0	0
974	0	0
975	1	0
976	0	0
977	-1	-1
978	0	0
979	-1	-1
980	0	0
981	0	0
982	-1	-1
983	0	0
984	1	1
985	-1	-1
986	1	1
987	0	0
988	1	1
989	-1	-1
990	-1	-1
991	0	0
992	0	0
993	0	0
994	0	0
995	-1	-1
996	0	0
997	1	1
998	-1	-1
999	0	0
1000	1	1
1001	0	0
1003	0	0
1004	-1	-1
1005	-1	-1
1006	0	0
1007	-1	-1
1008	0	0
1009	-1	-1
1010	0	0
1011	1	1
1012	-1	-1
1013	1	0
1014	1	1
1015	-1	-1
1016	0	0
1017	0	0
1018	-1	-1
1019	-1	-1
1020	1	0
1021	-1	-1
1022	1	0
1023	1	0
1024	0	0
1025	0	0
1026	0	0
1027	-1	-1
1028	-1	-1
1029	-1	-1
1030	-1	-1
1031	-1	-1
1032	-1	-1
1033	1	0
1034	0	0
1035	1	0
1036	0	0
1037	-1	-1
1038	-1	-1
1039	0	0
1040	-1	-1
1041	1	1
1042	0	0
1043	0	0
1044	-1	-1
1045	1	1
1046	0	0
1047	0	0
1048	0	0
1049	0	0
1050	1	1
1051	-1	-1
1052	1	0
1053	0	0
1054	-1	-1
1055	0	0
1056	1	0
1057	1	0
1058	-1	-1
1059	0	0
1060	-1	-1
1061	1	0
1062	-1	-1
1063	-1	-1
1064	1	1
1065	-1	-1
1066	1	0
1067	-1	-1
1068	-1	-1
1069	-1	-1
1070	0	0
1071	1	0
1072	1	0
1073	1	0
1074	1	1
1075	0	0
1076	-1	-1
1077	1	1
1078	1	0
1079	-1	-1
1080	1	0
1081	-1	-1
1082	0	0
1083	-1	-1
1084	1	0
1085	1	0
1086	-1	-1
1087	1	0
1088	-1	-1
1089	-1	-1
1090	0	0
1091	1	1
1092	-1	-1
1093	-1	-1
1094	0	0
1095	-1	-1
1096	-1	-1
1097	-1	-1
1098	-1	-1
1099	0	0
1100	-1	-1
1101	-1	-1
1102	-1	-1
1103	-1	-1
1104	-1	-1
1105	-1	-1
1106	1	0
1107	1	1
1108	1	0
1109	1	1
1110	0	0
1111	-1	-1
1112	0	0
1113	1	0
1114	0	0
1115	1	0
1116	1	1
1117	0	0
1118	-1	-1
1119	0	0
1120	-1	-1
1121	-1	-1
1122	0	0
1123	1	0
1124	0	0
1125	0	0
1126	1	0
1127	0	0
1128	0	0
1129	1	1
1130	0	0
1131	0	0
1132	-1	-1
1133	0	0
1134	-1	-1
1135	0	0
1136	1	1
1137	-1	-1
1138	-1	-1
1139	-1	-1
1140	0	0
1141	-1	-1
1142	-1	-1
1143	1	1
1144	-1	-1
1145	-1	-1
1146	0	0
1147	-1	-1
1148	-1	-1
1149	-1	-1
1150	1	1
1151	-1	-1
1152	-1	-1
1153	-1	-1
1154	0	0
1155	1	1
1156	0	0
1157	0	0
1158	-1	-1
1159	-1	-1
1160	0	0
1161	-1	-1
1162	1	0
1163	-1	-1
1164	0	0
1165	0	0
1166	1	1
1167	0	0
1168	1	1
1169	0	0
1170	-1	-1
1171	-1	-1
1172	1	1
1173	-1	-1
1174	0	0
1175	0	0
1176	0	0
1177	0	0
1178	1	1
1179	-1	-1
1180	0	0
1181	0	0
1182	-1	-1
1183	0	0
1184	0	0
1185	1	0
1186	-1	-1
1187	1	1
1188	-1	-1
1189	0	0
1190	1	1
1191	0	0
1192	1	0
1193	0	0
1194	1	1
1195	-1	-1
1196	1	0
1197	1	1
1198	1	0
1199	-1	-1
1200	-1	-1
1201	0	0
1202	0	0
1203	0	0
1204	1	0
1205	0	0
1206	-1	-1
1207	1	1
1208	0	0
1209	1	1
1210	1	1
1211	0	0
1212	1	0
1213	0	0
1214	0	0
1215	0	0
1216	-1	-1
1217	1	1
1218	-1	-1
1219	0	0
1220	1	0
1221	0	0
1222	0	0
1223	-1	-1
1224	1	1
1225	0	0
1226	0	0
1227	0	0
1228	-1	-1
1229	1	1
1230	0	0
1231	-1	-1
1232	1	1
1233	-1	-1
1234	0	0
1235	0	0
1236	0	0
1237	1	0
1238	-1	-1
1239	1	0
1240	1	0
1241	0	0
1242	-1	-1
1243	-1	-1
1244	1	0
1245	0	0
1246	0	0
1247	1	1
1248	-1	-1
1249	1	1
1250	1	0
1251	1	0
1252	-1	-1
1253	1	1
1254	-1	-1
1255	1	1
1256	-1	-1
1257	0	0
1258	-1	-1
1259	-1	-1
1260	-1	-1
1261	0	0
1262	-1	-1
1263	0	0
1264	-1	-1
1265	1	1
1266	1	0
1267	1	1
1268	1	1
1269	1	1
1270	1	1
1271	-1	-1
1272	-1	-1
1273	0	0
1274	-1	-1
1275	-1	-1
1276	0	0
1277	-1	-1
1278	-1	-1
1279	0	0
1280	1	0
1281	0	0
1282	1	1
1283	0	0
1284	1	0
1285	1	0
1286	0	0
1287	0	0
1288	1	0
1289	0	0
1290	1	0
1291	0	0
1292	0	0
1293	-1	-1
1294	0	0
1295	-1	-1
1296	0	0
1297	1	0
1298	-1	-1
1299	1	0
1300	1	1
1301	1	0
1302	-1	-1
1303	-1	-1
1304	1	1
1305	1	0
1306	0	0
1307	0	0
1308	0	0
1309	-1	-1
1310	1	1
1311	0	0
1312	0	0
1313	0	0
1314	0	0
1315	0	0
1316	1	0
1317	1	1
1318	0	0
1319	0	0
1320	1	1
1321	0	0
1322	1	1
1323	-1	-1
1324	1	1
1325	0	0
1326	0	0
1327	-1	-1
1328	1	0
1329	1	1
1330	1	0
1331	1	1
1332	0	0
1333	0	0
1334	1	1
1335	-1	-1
1336	-1	-1
1337	-1	-1
1338	1	0
1339	0	0
1340	-1	-1
1341	-1	-1
1342	0	0
1343	0	0
1344	1	1
1345	-1	-1
1346	-1	-1
1347	-1	-1
1348	-1	-1
1349	1	0
1350	1	0
1351	1	0
1352	-1	-1
1353	-1	-1
1354	1	0
1355	-1	-1
1356	-1	-1
1357	0	0
1358	0	0
1359	0	0
1360	1	1
1361	-1	-1
1362	0	0
1363	0	0
1364	0	0
1365	1	1
1366	-1	-1
1367	0	0
1368	0	0
1369	-1	-1
1370	-1	-1
1371	1	0
1372	0	0
1373	1	1
1374	-1	-1
1375	0	0
1376	-1	-1
1377	0	0
1378	-1	-1
1379	0	0
1380	0	0
1381	1	1
1382	1	0
1383	-1	-1
1384	1	0
1385	0	0
1386	1	0
1387	-1	-1
1388	0	0
1389	0	0
1390	0	0
1391	-1	-1
1392	0	0
1393	1	1
1394	-1	-1
1395	1	1
1396	1	0
1397	0	0
1398	-1	-1
1399	1	1
1400	0	0
1401	-1	-1
1402	-1	-1
1403	0	0
1404	-1	-1
1405	1	1
1406	0	0
1407	0	0
1408	0	0
1409	1	1
1410	-1	-1
1411	-1	-1
1412	0	0
1413	0	0
1414	-1	-1
1415	1	1
1416	0	0
1417	1	0
1418	-1	-1
1419	-1	-1
1420	0	0
1421	-1	-1
1422	1	1
1423	0	0
1424	0	0
1425	1	0
1426	1	1
1427	1	1
1428	-1	-1
1429	-1	-1
1430	0	0
1431	1	1
1432	0	0
1433	-1	-1
1434	-1	-1
1435	0	0
1436	1	1
1437	1	1
1438	0	0
1439	0	0
1440	1	0
1441	1	1
1442	1	0
1443	0	0
1444	1	0
1445	1	0
1446	-1	-1
1447	1	0
1448	0	0
1449	0	0
1450	0	0
1451	0	0
1452	0	0
1453	0	0
1454	1	1
1455	0	0
1456	-1	-1
1457	0	0
1458	0	0
1459	0	0
1460	1	1
1461	0	0
1462	0	0
1463	0	0
1464	0	0
1465	1	1
1466	-1	-1
1467	1	0
1469	-1	-1
1470	-1	-1
1471	0	0
1472	1	1
1473	1	1
1474	-1	-1
1475	1	1
1476	0	0
1477	0	0
1478	-1	-1
1479	1	0
1480	0	0
1481	0	0
1482	0	0
1483	0	0
1484	1	0
1485	0	0
1486	1	0
1487	-1	-1
1488	0	0
1489	0	0
1490	0	0
1491	1	0
1492	0	0
1493	0	0
1494	1	1
1495	1	0
1496	0	0
1497	1	1
1498	0	0
1499	0	0
1500	0	0
1501	-1	-1
1502	-1	-1
1503	0	0
1504	0	0
1505	0	0
1506	0	0
1507	0	0
1508	-1	-1
1509	0	0
1510	0	0
1511	1	1
1512	0	0
1513	0	0
1514	1	1
1515	1	0
1516	0	0
1517	1	0
1518	0	0
1519	1	1
1520	0	0
1521	1	0
1522	0	0
1523	-1	-1
1524	-1	-1
1525	-1	-1
1526	-1	-1
1527	0	0
1528	0	0
1529	0	0
1530	1	1
1531	-1	-1
1532	-1	-1
1533	1	1
1534	-1	-1
1535	0	0
1536	1	1
1537	1	1
1538	-1	-1
1539	1	1
1540	0	0
1541	0	0
1542	0	0
1543	0	0
1544	0	0
1545	0	0
1546	-1	-1
1547	0	0
1548	0	0
1549	-1	-1
1550	0	0
1551	-1	-1
1552	-1	-1
1553	0	0
1554	0	0
1555	1	0
1556	-1	-1
1557	0	0
1558	0	0
1559	-1	-1
1560	-1	-1
1561	0	0
1562	1	0
1563	1	1
1564	0	0
1565	1	1
1566	0	0
1567	0	0
1568	1	0
1569	-1	-1
1570	0	0
1571	0	0
1572	0	0
1573	0	0
1574	-1	-1
1575	1	1
1576	0	0
1577	0	0
1578	0	0
1579	0	0
1580	0	0
1581	0	0
1582	0	0
1583	-1	-1
1584	-1	-1
1585	1	1
1586	-1	-1
1587	-1	-1
1588	1	1
1589	-1	-1
1590	-1	-1
1591	-1	-1
1592	0	0
1593	-1	-1
1594	0	0
1595	-1	-1
1596	0	0
1597	-1	-1
1598	0	0
1599	0	0
1600	-1	-1
1601	0	0
1602	-1	-1
1603	0	0
1604	-1	-1
1605	-1	-1
1606	0	0
1607	0	0
1608	-1	-1
1609	0	0
1610	-1	-1
1611	0	0
1612	0	0
1613	0	0
1614	0	0
1615	1	0
1616	1	0
1617	0	0
1618	-1	-1
1619	-1	-1
1620	0	0
1621	-1	-1
1622	-1	-1
1623	-1	-1
1624	-1	-1
1625	-1	-1
1626	0	0
1627	-1	-1
1628	-1	-1
1629	-1	-1
1630	-1	-1
1631	-1	-1
1632	0	0
1633	-1	-1
1634	0	0
1635	-1	-1
1636	0	0
1637	0	0
1638	0	0
1639	-1	-1
1640	-1	-1
1641	0	0
1642	-1	-1
1643	0	0
1644	0	0
1645	0	0
1646	-1	-1
1647	0	0
1648	0	0
1649	-1	-1
1650	0	0
1651	-1	-1
1652	-1	-1
1653	0	0
1654	-1	-1
1655	0	0
1656	1	0
1657	-1	-1
1658	0	0
1659	1	1
1660	0	0
1661	0	0
1662	0	0
1663	1	0
1664	0	0
1665	-1	-1
1666	-1	-1
1667	0	0
1668	-1	-1
1669	-1	-1
1670	0	0
1671	0	0
1672	-1	-1
1673	-1	-1
1674	-1	-1
1675	-1	-1
1676	0	0
1677	0	0
1678	-1	-1
1679	-1	-1
1680	0	0
1681	-1	-1
1682	0	0
1683	0	0
1684	-1	-1
1685	0	0
1686	0	0
1687	-1	-1
1688	0	0
1689	0	0
1690	0	0
1691	-1	-1
1692	-1	-1
1693	-1	-1
1694	0	0
1695	-1	-1
1696	0	0
1697	1	0
1698	0	0
1699	0	0
1700	0	0
1701	-1	-1
1702	0	0
1703	-1	-1
1704	0	0
1705	-1	-1
1706	-1	-1
1707	-1	-1
1708	0	0
1709	0	0
1710	0	0
1711	-1	-1
1712	-1	-1
1713	-1	-1
1714	0	0
1715	1	1
1716	-1	-1
1717	0	0
1718	-1	-1
1719	1	0
1720	0	0
1721	0	0
1722	0	0
1723	0	0
1724	-1	-1
1725	-1	-1
1726	0	0
1727	0	0
1728	0	0
1729	-1	-1
1730	0	0
1731	1	1
1732	0	0
1733	-1	-1
1734	1	1
1735	-1	-1
1736	0	0
1737	0	0
1738	0	0
1739	0	0
1740	0	0
1741	0	0
1742	-1	-1
1743	0	0
1744	0	0
1745	0	0
1746	-1	-1
1747	-1	-1
1748	-1	-1
1749	-1	-1
1750	-1	-1
1751	1	1
1752	1	1
1753	-1	-1
1754	1	1
1755	1	1
1756	-1	-1
1757	1	0
1758	-1	-1
1759	0	0
1760	1	0
1761	1	0
1762	1	0
1763	1	1
1764	0	0
1765	0	0
1766	-1	-1
1767	1	0
1768	1	0
1769	1	1
1770	0	0
1771	1	1
1772	1	1
1774	0	0
1775	1	1
1776	1	0
1777	-1	-1
1778	-1	-1
1779	-1	-1
1780	-1	-1
1781	1	0
1782	-1	-1
1783	-1	-1
1784	-1	-1
1785	1	0
1786	1	0
1787	0	0
1788	-1	-1
1789	1	0
1790	-1	-1
1791	1	0
1792	1	0
1793	1	1
1794	1	1
1795	-1	-1
1796	0	0
1797	1	1
1798	-1	-1
1799	1	0
1800	1	0
1801	1	0
1802	-1	-1
1803	1	1
1804	1	0
1805	1	0
1806	1	0
1807	-1	-1
1808	1	0
1809	-1	-1
1810	-1	-1
1811	1	1
1812	1	1
1813	-1	-1
1814	1	1
1815	-1	-1
1816	1	0
1817	-1	-1
1818	1	1
1819	0	0
1820	-1	-1
1821	1	0
1822	1	0
1823	-1	-1
1824	1	1
1825	1	1
1826	1	1
1827	1	1
1828	-1	-1
1829	1	0
1830	0	0
1831	-1	-1
1832	1	1
1833	-1	-1
1834	0	0
1836	0	0
1837	0	0
1838	1	1
1839	-1	-1
1840	1	0
1841	-1	-1
1842	1	0
1843	0	0
1844	-1	-1
1845	0	0
1846	-1	-1
1847	0	0
1848	0	0
1849	1	0
1850	-1	-1
1851	1	1
1852	0	0
1853	-1	-1
1854	1	1
1855	0	0
1856	1	1
1857	0	0
1858	-1	-1
1859	0	0
1860	0	0
1861	-1	-1
1862	1	1
1863	-1	-1
1864	1	1
1865	0	0
1866	-1	-1
1867	-1	-1
1868	0	0
1869	-1	-1
1870	0	0
1871	-1	-1
1872	1	0
1873	-1	-1
1874	0	0
1875	-1	-1
1876	-1	-1
1877	1	1
1878	-1	-1
1879	-1	-1
1880	-1	-1
1881	-1	-1
1882	1	1
1883	0	0
1884	-1	-1
1885	-1	-1
1886	-1	-1
1887	1	1
1888	-1	-1
1889	-1	-1
1890	-1	-1
1891	-1	-1
1892	-1	-1
1893	-1	-1
1894	0	0
1895	1	1
1896	0	0
1897	-1	-1
1898	0	0
1899	0	0
1900	0	0
1901	0	0
1902	0	0
1903	-1	-1
1904	-1	-1
1905	-1	-1
1906	-1	-1
1907	0	0
1908	-1	-1
1909	-1	-1
1910	-1	-1
1911	1	1
1912	-1	-1
1913	-1	-1
1914	1	0
1915	-1	-1
1916	-1	-1
1917	1	1
1918	1	0
1919	-1	-1
1920	1	1
1921	0	0
1922	-1	-1
1923	1	1
1924	-1	-1
1925	-1	-1
1926	-1	-1
1927	-1	-1
1928	-1	-1
1929	0	0
1930	1	1
1931	1	0
1932	1	0
1933	0	0
1934	0	0
1935	-1	-1
1936	-1	-1
1937	-1	-1
1938	0	0
1939	0	0
1940	-1	-1
1941	1	1
1942	-1	-1
1943	-1	-1
1944	0	0
1945	0	0
1946	-1	-1
1947	1	0
1948	1	0
1949	0	0
1950	-1	-1
1951	-1	-1
1952	1	1
1953	-1	-1
1954	1	1
1955	0	0
1956	-1	-1
1957	1	1
1958	0	0
1959	0	0
1960	-1	-1
1961	1	0
1962	-1	-1
1963	-1	-1
1964	-1	-1
1965	-1	-1
1966	0	0
1967	0	0
1968	-1	-1
1969	-1	-1
1970	-1	-1
1971	1	1
1972	-1	-1
1973	0	0
1974	-1	-1
1975	1	1
1976	-1	-1
1977	-1	-1
1978	-1	-1
1979	-1	-1
1980	1	1
1981	1	0
1982	0	0
1983	0	0
1984	1	1
1985	0	0
1986	1	1
1987	1	1
1988	1	1
1989	-1	-1
1990	-1	-1
1991	0	0
1992	0	0
1993	-1	-1
1994	-1	-1
1995	0	0
1996	0	0
1997	0	0
1998	-1	-1
1999	0	0
2000	1	0
2001	0	0
2002	-1	-1
2003	-1	-1
2004	-1	-1
2005	1	1
2006	-1	-1
2007	-1	-1
2008	0	0
2009	-1	-1
2010	-1	-1
2011	0	0
2012	0	0
2013	0	0
2014	0	0
2015	1	0
2016	0	0
2017	0	0
2018	0	0
2019	0	0
2020	-1	-1
2021	0	0
2022	-1	-1
2023	-1	-1
2024	-1	-1
2025	-1	-1
2026	-1	-1
2027	-1	-1
2028	-1	-1
2029	-1	-1
2030	1	0
2031	0	0
2032	0	0
2033	-1	-1
2034	-1	-1
2035	0	0
2036	-1	-1
2037	0	0
2038	-1	-1
2039	-1	-1
2040	0	0
2041	0	0
2042	0	0
2043	-1	-1
2044	0	0
2045	0	0
2046	1	0
2047	0	0
2048	-1	-1
2049	0	0
2050	0	0
2051	0	0
2052	-1	-1
2053	-1	-1
2054	-1	-1
2055	0	0
2056	0	0
2057	-1	-1
2058	1	0
2059	0	0
2060	0	0
2061	-1	-1
2062	-1	-1
2063	0	0
2064	1	0
2065	0	0
2066	0	0
2067	1	1
2068	0	0
2069	-1	-1
2070	1	1
2071	-1	-1
2072	-1	-1
2073	-1	-1
2074	-1	-1
2075	-1	-1
2076	0	0
2077	0	0
2078	0	0
2079	1	0
2080	0	0
2081	0	0
2082	-1	-1
2083	1	1
2084	0	0
2085	-1	-1
2086	0	0
2087	-1	-1
2088	-1	-1
2089	-1	-1
2090	0	0
2091	-1	-1
2092	0	0
2093	0	0
2094	-1	-1
2095	0	0
2096	1	0
2097	1	0
2098	-1	-1
2099	-1	-1
2100	1	1
2101	0	0
2102	-1	-1
2103	0	0
2104	-1	-1
2105	-1	-1
2106	-1	-1
2107	0	0
2108	-1	-1
2109	-1	-1
2110	1	1
2111	-1	-1
2112	1	1
2113	-1	-1
2114	1	1
2115	-1	-1
2116	0	0
2117	-1	-1
2118	1	0
2119	-1	-1
2120	0	0
2121	1	0
2122	-1	-1
2123	-1	-1
2124	1	0
2125	-1	-1
2126	0	0
2127	0	0
2128	-1	-1
2129	-1	-1
2130	-1	-1
2131	-1	-1
2132	-1	-1
2133	0	0
2134	0	0
2135	1	0
2136	-1	-1
2137	-1	-1
2138	-1	-1
2139	1	0
2140	1	1
2141	-1	-1
2142	0	0
2143	-1	-1
2144	-1	-1
2145	1	1
2146	-1	-1
2147	-1	-1
2148	1	0
2149	-1	-1
2150	0	0
2151	0	0
2152	1	1
2153	1	1
2154	-1	-1
2155	-1	-1
2156	-1	-1
2157	-1	-1
2158	0	0
2159	-1	-1
2160	0	0
2161	-1	-1
2162	-1	-1
2163	-1	-1
2164	-1	-1
2165	1	0
2166	-1	-1
2167	1	0
2168	-1	-1
2169	-1	-1
2170	-1	-1
2171	1	1
2172	1	0
2173	-1	-1
2174	-1	-1
2175	-1	-1
2176	-1	-1
2177	1	0
2178	-1	-1
2179	1	0
2180	-1	-1
2181	-1	-1
2182	1	0
2183	0	0
2184	-1	-1
2185	-1	-1
2186	1	1
2187	0	0
2188	1	1
2189	1	1
2190	-1	-1
2191	-1	-1
2192	0	0
2193	0	0
2194	0	0
2195	-1	-1
2196	-1	-1
2197	-1	-1
2198	1	0
2199	0	0
2200	0	0
2201	0	0
2202	0	0
2203	-1	-1
2204	0	0
2205	-1	-1
2206	1	1
2207	-1	-1
2208	-1	-1
2209	0	0
2210	0	0
2211	1	0
2212	1	1
2213	0	0
2214	-1	-1
2215	-1	-1
2216	-1	-1
2217	0	0
2218	1	0
2219	0	0
2220	-1	-1
2221	0	0
2222	-1	-1
2223	1	1
2224	-1	-1
2225	-1	-1
2226	-1	-1
2227	0	0
2228	0	0
2229	1	0
2230	1	0
2231	0	0
2232	-1	-1
2233	-1	-1
2234	1	1
2235	0	0
2236	-1	-1
2237	1	0
2238	-1	-1
2239	-1	-1
2240	1	1
2241	-1	-1
2242	-1	-1
2243	-1	-1
2244	0	0
2245	0	0
2246	1	1
2247	0	0
2248	0	0
2249	1	1
2250	0	0
2251	1	1
2252	-1	-1
2253	0	0
2254	1	1
2255	1	1
2256	1	1
2257	0	0
2258	0	0
2259	-1	-1
2260	0	0
2261	-1	-1
2262	0	0
2263	0	0
2264	-1	-1
2265	0	0
2266	1	1
2267	-1	-1
2268	0	0
2269	-1	-1
2270	1	1
2271	1	0
2272	-1	-1
2273	0	0
2274	0	0
2275	-1	-1
2276	0	0
2277	0	0
2278	0	0
2279	0	0
2280	-1	-1
2281	-1	-1
2282	0	0
2283	-1	-1
2284	-1	-1
2285	0	0
2286	0	0
2287	0	0
2288	-1	-1
2289	1	1
2290	0	0
2291	0	0
2292	1	1
2293	-1	-1
2294	0	0
2295	-1	-1
2296	0	0
2297	0	0
2298	0	0
2299	-1	-1
2300	0	0
2301	0	0
2302	0	0
2303	0	0
2304	0	0
2305	0	0
2306	0	0
2307	1	0
2308	0	0
2309	0	0
2310	1	1
2311	0	0
2312	-1	-1
2313	-1	-1
2314	1	1
2315	0	0
2316	-1	-1
2317	1	0
2318	1	1
2319	1	1
2320	0	0
2321	0	0
2322	-1	-1
2323	0	0
2324	0	0
2325	1	1
2326	1	1
2327	0	0
2328	1	1
2329	1	0
2330	1	0
2331	1	1
2332	1	0
2333	-1	-1
2334	1	1
2335	1	0
2336	-1	-1
2337	0	0
2338	0	0
2339	0	0
2340	1	1
2341	1	0
2342	0	0
2343	1	0
2344	0	0
2345	1	1
2346	1	1
2347	0	0
2348	-1	-1
2349	-1	-1
2350	-1	-1
2351	0	0
2352	0	0
2353	1	1
2354	0	0
2355	1	1
2356	1	0
2357	-1	-1
2358	1	0
2359	1	1
2360	0	0
2361	-1	-1
2362	1	1
2363	1	1
2364	1	1
2365	-1	-1
2366	1	0
2367	1	0
2368	1	1
2369	1	0
2370	-1	-1
2371	1	0
2372	-1	-1
2373	1	1
2374	0	0
2375	1	1
2376	-1	-1
2377	1	1
2378	-1	-1
2379	1	0
2380	1	1
2381	0	0
2382	1	1
2383	1	1
2384	1	1
2385	0	0
2386	-1	-1
2387	0	0
2388	1	1
2389	1	0
2390	-1	-1
2391	1	1
2392	1	0
2393	-1	-1
2394	-1	-1
2395	1	1
2396	-1	-1
2397	-1	-1
2398	1	0
2399	1	1
2400	0	0
2401	1	0
2402	0	0
2403	0	0
2404	0	0
2405	-1	-1
2406	-1	-1
2407	1	1
2408	1	1
2409	0	0
2410	1	0
2411	1	0
2412	1	1
2413	1	1
2414	1	1
2415	1	0
2416	1	1
2417	-1	-1
2418	-1	-1
2419	-1	-1
2420	-1	-1
2421	-1	-1
2422	1	0
2423	1	1
2424	-1	-1
2425	-1	-1
2426	-1	-1
2427	1	1
2428	0	0
2429	0	0
2430	-1	-1
2431	-1	-1
2432	0	0
2433	-1	-1
2434	0	0
2435	1	1
2436	0	0
2437	1	1
2438	0	0
2439	-1	-1
2440	0	0
2441	0	0
2442	0	0
2443	0	0
2444	0	0
2445	1	1
2446	-1	-1
2447	0	0
2448	0	0
2449	0	0
2450	0	0
2451	-1	-1
2452	0	0
2453	1	1
2454	-1	-1
2455	-1	-1
2456	0	0
2457	0	0
2458	-1	-1
2459	-1	-1
2460	0	0
2461	-1	-1
2462	0	0
2463	1	0
2464	0	0
2465	-1	-1
2466	-1	-1
2467	1	1
2468	0	0
2469	-1	-1
2470	-1	-1
2471	0	0
2472	-1	-1
2473	1	1
2474	-1	-1
2475	-1	-1
2476	1	0
2477	-1	-1
2478	0	0
2479	-1	-1
2480	1	1
2481	-1	-1
2482	1	0
2483	1	0
2484	0	0
2485	-1	-1
2486	-1	-1
2487	0	0
2488	1	1
2489	-1	-1
2490	0	0
2491	-1	-1
2492	1	0
2493	-1	-1
2494	-1	-1
2495	1	1
2496	-1	-1
2497	0	0
2498	0	0
2499	-1	-1
2500	1	1
2501	0	0
2502	1	1
2503	0	0
2504	-1	-1
2505	0	0
2506	0	0
2507	0	0
2508	1	1
2509	0	0
2510	1	1
2511	-1	-1
2512	0	0
2513	0	0
2515	0	0
2516	0	0
2517	0	0
2518	0	0
2519	1	0
2520	0	0
2521	0	0
2522	1	1
2523	0	0
2524	1	0
2525	0	0
2526	-1	-1
2527	-1	-1
2528	-1	-1
2529	0	0
2530	0	0
2531	-1	-1
2532	0	0
2533	0	0
2534	0	0
2535	0	0
2536	-1	-1
2537	1	0
2538	-1	-1
2539	-1	-1
2540	1	0
2541	0	0
2542	-1	-1
2543	0	0
2544	1	0
2545	-1	-1
2546	1	0
2547	0	0
2548	1	1
2549	-1	-1
2550	0	0
2551	0	0
2552	-1	-1
2553	0	0
2554	0	0
2555	-1	-1
2556	-1	-1
2557	0	0
2558	1	1
2559	1	1
2560	0	0
2561	-1	-1
2562	1	1
2563	0	0
2564	0	0
2565	1	1
2566	1	1
2567	0	0
2568	0	0
2569	0	0
2570	1	0
2571	1	1
2572	0	0
2573	-1	-1
2574	0	0
2575	0	0
2576	0	0
2577	1	0
2578	0	0
2579	0	0
2580	0	0
2581	0	0
2582	-1	-1
2583	0	0
2584	-1	-1
2585	1	0
2586	-1	-1
2587	-1	-1
2588	1	1
2589	0	0
2590	0	0
2591	-1	-1
2592	0	0
2593	-1	-1
2594	-1	-1
2595	1	0
2596	-1	-1
2597	-1	-1
2598	-1	-1
2599	0	0
2600	-1	-1
2601	1	0
2602	-1	-1
2603	0	0
2604	0	0
2605	-1	-1
2606	-1	-1
2607	0	0
2608	0	0
2609	-1	-1
2610	0	0
2611	0	0
2612	1	1
2613	0	0
2614	-1	-1
2615	0	0
2616	1	0
2617	1	1
2618	0	0
2619	1	1
2620	0	0
2621	1	1
2622	0	0
2623	-1	-1
2624	-1	-1
2625	-1	-1
2626	0	0
2627	0	0
2628	1	0
2629	0	0
2630	1	1
2631	-1	-1
2632	-1	-1
2633	0	0
2634	0	0
2635	1	1
2636	-1	-1
2637	0	0
2638	0	0
2639	0	0
2640	0	0
2641	0	0
2642	0	0
2643	0	0
2644	-1	-1
2645	1	0
2646	1	1
2647	0	0
2648	0	0
2649	-1	-1
2650	-1	-1
2651	-1	-1
2652	-1	-1
2653	1	1
2654	0	0
2655	-1	-1
2656	-1	-1
2657	0	0
2658	-1	-1
2659	-1	-1
2660	0	0
2661	1	1
2662	-1	-1
2663	-1	-1
2664	1	1
2665	-1	-1
2666	0	0
2667	0	0
2668	-1	-1
2669	0	0
2670	-1	-1
2671	0	0
2672	0	0
2673	-1	-1
2674	-1	-1
2675	1	0
2676	-1	-1
2677	0	0
2678	0	0
2679	1	1
2680	-1	-1
2681	-1	-1
2682	-1	-1
2683	1	0
2684	-1	-1
2685	-1	-1
2686	-1	-1
2687	0	0
2688	0	0
2689	0	0
2690	-1	-1
2691	0	0
2692	-1	-1
2693	0	0
2694	-1	-1
2695	0	0
2696	0	0
2697	-1	-1
2698	-1	-1
2699	-1	-1
2700	-1	-1
2701	1	0
2702	-1	-1
2703	-1	-1
2704	1	0
2705	0	0
2706	1	1
2707	1	1
2708	-1	-1
2709	-1	-1
2710	1	1
2711	-1	-1
2712	0	0
2713	-1	-1
2714	1	1
2715	-1	-1
2716	1	1
2717	-1	-1
2718	-1	-1
2719	-1	-1
2720	0	0
2721	0	0
2722	-1	-1
2723	-1	-1
2724	0	0
2725	1	1
2726	1	0
2727	-1	-1
2728	1	1
2729	1	0
2730	0	0
2731	1	1
2732	0	0
2733	-1	-1
2734	-1	-1
2735	0	0
2736	0	0
2737	1	1
2738	1	1
2739	-1	-1
2740	-1	-1
2741	1	1
2742	1	0
2743	-1	-1
2744	0	0
2745	-1	-1
2746	0	0
2747	-1	-1
2748	0	0
2749	0	0
2750	0	0
2751	-1	-1
2752	1	1
2753	0	0
2754	-1	-1
2755	0	0
2756	0	0
2757	-1	-1
2758	0	0
2759	0	0
2760	0	0
2761	0	0
2762	1	0
2763	-1	-1
2764	1	0
2765	1	1
2766	0	0
2767	0	0
2768	1	0
2769	1	0
2770	0	0
2771	1	1
2772	0	0
2773	1	1
2774	-1	-1
2775	1	1
2776	0	0
2777	-1	-1
2778	0	0
2779	0	0
2780	1	0
2781	-1	-1
2782	-1	-1
2783	-1	-1
2784	-1	-1
2785	0	0
2786	-1	-1
2787	0	0
2788	1	1
2789	0	0
2790	-1	-1
2791	1	0
2792	0	0
2793	0	0
2794	0	0
2795	0	0
2796	-1	-1
2797	0	0
2798	0	0
2799	-1	-1
2800	0	0
2801	1	1
2802	-1	-1
2803	0	0
2804	0	0
2805	-1	-1
2806	-1	-1
2807	1	1
2808	-1	-1
2809	1	0
2810	-1	-1
2811	0	0
2812	0	0
2813	0	0
2814	-1	-1
2815	0	0
2816	0	0
2817	-1	-1
2818	0	0
2819	1	1
2820	0	0
2821	0	0
2822	1	1
2823	-1	-1
2824	1	1
2825	0	0
2826	-1	-1
2827	-1	-1
2828	1	1
2829	0	0
2830	0	0
2831	0	0
2832	0	0
2833	0	0
2834	-1	-1
2835	0	0
2836	-1	-1
2837	-1	-1
2838	-1	-1
2839	-1	-1
2840	0	0
2841	0	0
2842	-1	-1
2843	1	0
2844	-1	-1
2845	-1	-1
2846	0	0
2847	1	0
2848	0	0
2849	0	0
2850	-1	-1
2851	-1	-1
2852	-1	-1
2853	0	0
2854	-1	-1
2855	-1	-1
2856	-1	-1
2857	0	0
2858	1	1
2859	-1	-1
2860	0	0
2861	-1	-1
2862	-1	-1
2863	1	1
2864	0	0
2865	0	0
2866	-1	-1
2867	0	0
2868	0	0
2869	1	0
2870	1	0
2871	0	0
2872	0	0
2873	-1	-1
2874	-1	-1
2875	-1	-1
2876	-1	-1
2877	0	0
2878	0	0
2879	0	0
2880	1	0
2881	0	0
2882	1	0
2883	0	0
2884	-1	-1
2885	-1	-1
2886	0	0
2887	1	1
2888	1	0
2889	1	0
2890	1	1
2891	-1	-1
2892	0	0
2893	-1	-1
2894	0	0
2895	-1	-1
2896	0	0
2897	0	0
2898	1	1
2899	1	1
2900	-1	-1
2901	1	1
2902	-1	-1
2903	-1	-1
2904	1	1
2905	0	0
2906	0	0
2907	0	0
2908	-1	-1
2909	-1	-1
2910	1	1
2911	-1	-1
2912	1	0
2913	-1	-1
2914	-1	-1
2915	-1	-1
2916	1	0
2917	0	0
2918	-1	-1
2919	0	0
2920	-1	-1
2921	0	0
2922	-1	-1
2923	0	0
2924	0	0
2925	0	0
2926	1	0
2927	0	0
2928	1	1
2929	-1	-1
2930	0	0
2931	1	0
2932	0	0
2933	-1	-1
2934	1	1
2935	1	1
2936	-1	-1
2937	-1	-1
2938	0	0
2939	0	0
2940	1	0
2941	0	0
2942	1	0
2943	0	0
2944	-1	-1
2945	-1	-1
2946	1	1
2947	-1	-1
2948	-1	-1
2949	0	0
2950	1	1
2951	-1	-1
2952	1	0
2953	0	0
2954	0	0
2955	0	0
2956	0	0
2957	0	0
2958	0	0
2959	-1	-1
2960	0	0
2961	1	0
2962	-1	-1
2963	0	0
2964	1	0
2965	-1	-1
2966	-1	-1
2967	0	0
2968	0	0
2969	-1	-1
2970	-1	-1
2971	-1	-1
2972	0	0
2973	-1	-1
2974	0	0
2975	1	1
2976	-1	-1
2977	-1	-1
2978	-1	-1
2979	0	0
2980	1	1
2981	0	0
2982	0	0
2983	-1	-1
2984	1	1
2985	0	0
2986	-1	-1
2987	1	1
2988	1	0
2989	0	0
2990	0	0
2991	0	0
2992	1	1
2993	1	1
2994	1	1
2995	1	1
2996	-1	-1
2997	0	0
2998	0	0
2999	0	0
3000	0	0
3001	0	0
3002	-1	-1
3003	-1	-1
3004	1	0
3005	-1	-1
3006	0	0
3007	-1	-1
3008	-1	-1
3009	0	0
3010	0	0
3011	1	1
3012	-1	-1
3013	-1	-1
3014	0	0
3015	1	0
3016	0	0
3017	0	0
3018	1	1
3019	0	0
3020	1	0
3021	0	0
3022	-1	-1
3023	-1	-1
3024	-1	-1
3025	-1	-1
3026	0	0
3027	-1	-1
3028	1	1
3029	-1	-1
3030	-1	-1
3031	0	0
3032	-1	-1
3033	-1	-1
3034	1	1
3035	-1	-1
3036	1	0
3037	0	0
3038	0	0
3039	0	0
3040	1	1
3041	0	0
3042	0	0
3043	1	0
3044	0	0
3045	-1	-1
3046	1	0
3047	1	0
3048	1	1
3049	1	1
3050	-1	-1
3051	-1	-1
3052	0	0
3053	1	0
3054	1	0
3055	1	1
3056	1	1
3057	1	0
3058	-1	-1
3059	-1	-1
3060	1	1
3061	-1	-1
3062	1	0
3063	0	0
3064	1	1
3065	1	0
3066	-1	-1
3067	1	1
3068	1	0
3069	-1	-1
3070	1	1
3071	1	0
3072	1	0
3073	0	0
3074	0	0
3075	0	0
3076	1	0
3077	-1	-1
3078	1	0
3079	0	0
3080	1	0
3081	1	1
3082	0	0
3083	-1	-1
3084	0	0
3085	-1	-1
3086	-1	-1
3087	1	1
3088	-1	-1
3089	-1	-1
3090	1	0
3091	1	1
3092	-1	-1
3093	0	0
3094	-1	-1
3095	-1	-1
3096	1	0
3097	1	1
3098	-1	-1
3099	0	0
3100	0	0
3101	-1	-1
3102	-1	-1
3103	1	1
3104	-1	-1
3105	0	0
3106	-1	-1
3107	-1	-1
3108	-1	-1
3109	1	0
3110	1	0
3111	1	0
3112	-1	-1
3113	0	0
3114	1	0
3115	-1	-1
3116	1	1
3117	-1	-1
3118	1	1
3119	0	0
3120	-1	-1
3121	0	0
3122	-1	-1
3123	-1	-1
3124	1	0
3125	1	0
3126	1	0
3127	1	1
3128	0	0
3129	-1	-1
3130	1	0
3131	-1	-1
3132	-1	-1
3133	-1	-1
3134	0	0
3135	0	0
3136	-1	-1
3137	0	0
3138	0	0
3139	-1	-1
3140	-1	-1
3141	0	0
3142	-1	-1
3143	1	1
3144	1	1
3145	0	0
3146	0	0
3147	-1	-1
3148	0	0
3149	0	0
3150	0	0
3151	0	0
3152	0	0
3153	0	0
3154	-1	-1
3155	0	0
3156	0	0
3157	-1	-1
3158	-1	-1
3159	-1	-1
3160	-1	-1
3161	-1	-1
3162	1	0
3163	0	0
3164	0	0
3165	0	0
3166	1	1
3167	-1	-1
3168	-1	-1
3169	0	0
3170	-1	-1
3171	-1	-1
3172	1	0
3173	-1	-1
3174	-1	-1
3175	-1	-1
3176	-1	-1
3177	-1	-1
3178	-1	-1
3179	0	0
3180	-1	-1
3181	0	0
3182	-1	-1
3183	0	0
3184	-1	-1
3185	0	0
3186	0	0
3187	0	0
3188	0	0
3189	-1	-1
3190	-1	-1
3191	-1	-1
3192	-1	-1
3193	-1	-1
3194	0	0
3195	-1	-1
3196	-1	-1
3197	-1	-1
3198	-1	-1
3199	0	0
3200	-1	-1
3201	1	1
3203	0	0
3204	0	0
3205	-1	-1
3206	0	0
3207	0	0
3208	-1	-1
3209	0	0
3210	0	0
3211	-1	-1
3212	-1	-1
3213	-1	-1
3214	0	0
3215	-1	-1
3216	0	0
3217	-1	-1
3218	1	1
3219	-1	-1
3220	0	0
3221	-1	-1
3222	1	0
3223	-1	-1
3224	-1	-1
3225	0	0
3226	0	0
3227	-1	-1
3228	-1	-1
3229	-1	-1
3230	1	1
3231	0	0
3232	1	1
3233	-1	-1
3234	-1	-1
3235	0	0
3236	1	0
3237	0	0
3238	1	0
3239	-1	-1
3240	1	1
3241	1	1
3242	0	0
3243	0	0
3244	-1	-1
3245	0	0
3246	1	1
3247	-1	-1
3248	-1	-1
3249	-1	-1
3250	-1	-1
3251	-1	-1
3252	0	0
3253	1	0
3254	0	0
3255	1	0
3256	0	0
3257	0	0
3258	-1	-1
3259	0	0
3260	1	1
3261	0	0
3262	0	0
3263	0	0
3264	0	0
3265	0	0
3266	-1	-1
3267	-1	-1
3268	0	0
3269	-1	-1
3270	-1	-1
3271	0	0
3272	-1	-1
3273	0	0
3274	0	0
3275	0	0
3276	1	0
3277	0	0
3278	0	0
3279	-1	-1
3280	0	0
3281	-1	-1
3282	0	0
3283	1	1
3284	0	0
3285	-1	-1
3286	-1	-1
3287	0	0
3288	-1	-1
3289	1	1
3290	0	0
3291	-1	-1
3292	0	0
3293	0	0
3294	-1	-1
3295	0	0
3296	0	0
3297	1	1
3298	0	0
3299	1	0
3300	-1	-1
3301	-1	-1
3302	1	0
3303	0	0
3304	-1	-1
3305	-1	-1
3306	1	1
3307	1	1
3308	1	1
3309	-1	-1
3310	1	1
3311	0	0
3312	0	0
3313	0	0
3314	1	0
3315	1	0
3316	-1	-1
3317	0	0
3318	-1	-1
3319	-1	-1
3320	-1	-1
3321	0	0
3322	-1	-1
3323	-1	-1
3324	1	0
3325	-1	-1
3326	0	0
3327	0	0
3328	0	0
3329	1	1
3330	-1	-1
3331	-1	-1
3332	-1	-1
3333	-1	-1
3335	1	0
3336	-1	-1
3337	-1	-1
3338	-1	-1
3339	-1	-1
3340	0	0
3341	1	1
3342	1	1
3343	0	0
3344	1	1
3345	-1	-1
3346	0	0
3347	-1	-1
3348	0	0
3349	0	0
3350	-1	-1
3351	-1	-1
3352	1	0
3353	0	0
3354	0	0
3355	-1	-1
3356	-1	-1
3357	0	0
3358	1	0
3359	1	0
3360	1	1
3361	-1	-1
3362	0	0
3363	0	0
3364	-1	-1
3365	1	1
3366	0	0
3367	-1	-1
3368	-1	-1
3369	0	0
3370	-1	-1
3371	-1	-1
3372	1	1
3374	-1	-1
3375	-1	-1
3376	0	0
3377	-1	-1
3378	1	0
3379	-1	-1
3380	1	0
3381	-1	-1
3382	1	0
3383	0	0
3384	1	0
3385	1	0
3386	1	0
3387	0	0
3388	-1	-1
3389	1	1
3390	-1	-1
3391	-1	-1
3392	0	0
3393	-1	-1
3394	1	0
3395	1	0
3396	0	0
3397	-1	-1
3398	1	0
3399	-1	-1
3400	-1	-1
3401	-1	-1
3402	-1	-1
3403	0	0
3404	-1	-1
3405	1	0
3406	-1	-1
3407	-1	-1
3408	-1	-1
3409	-1	-1
3410	1	0
3411	1	1
3412	-1	-1
3413	-1	-1
3414	1	1
3415	1	1
3416	-1	-1
3417	0	0
3418	1	1
3419	1	1
3420	1	0
3421	1	1
3422	1	1
3423	1	1
3424	0	0
3425	0	0
3426	1	0
3427	0	0
3428	0	0
3429	-1	-1
3430	1	0
3431	1	1
3432	-1	-1
3433	-1	-1
3434	1	0
3435	1	1
3436	-1	-1
3437	-1	-1
3438	1	0
3439	0	0
3440	0	0
3441	-1	-1
3442	-1	-1
3443	-1	-1
3444	1	0
3445	0	0
3446	1	1
3447	-1	-1
3448	1	1
3449	0	0
3450	-1	-1
3451	-1	-1
3452	0	0
3453	1	0
3454	0	0
3455	1	0
3456	-1	-1
3457	1	1
3458	-1	-1
3459	1	1
3460	1	0
3461	0	0
3462	0	0
3463	1	0
3464	-1	-1
3465	0	0
3466	0	0
3467	1	1
3468	1	1
3469	0	0
3470	1	0
3471	1	1
3472	-1	-1
3473	1	1
3474	0	0
3475	-1	-1
3476	-1	-1
3477	-1	-1
3478	1	1
3479	-1	-1
3480	-1	-1
3481	0	0
3482	0	0
3483	1	0
3484	-1	-1
3485	0	0
3486	-1	-1
3487	1	1
3488	-1	-1
3489	1	1
3490	-1	-1
3491	-1	-1
3492	-1	-1
3493	0	0
3494	-1	-1
3495	0	0
3496	1	0
3497	1	1
3498	-1	-1
3499	0	0
3500	-1	-1
3501	1	0
3502	0	0
3503	-1	-1
3504	1	1
3505	1	0
3506	-1	-1
3507	-1	-1
3508	1	0
3509	-1	-1
3510	-1	-1
3511	-1	-1
3512	-1	-1
3513	-1	-1
3514	0	0
3515	0	0
3516	-1	-1
3517	-1	-1
3518	-1	-1
3519	1	0
3520	0	0
3521	-1	-1
3522	1	1
3523	-1	-1
3524	1	1
3525	0	0
3526	1	1
3527	-1	-1
3528	-1	-1
3529	0	0
3530	-1	-1
3531	-1	-1
3532	-1	-1
3533	1	1
3534	-1	-1
3535	0	0
3536	-1	-1
3537	-1	-1
3538	-1	-1
3539	-1	-1
3540	1	0
3541	-1	-1
3542	1	0
3543	-1	-1
3544	-1	-1
3545	1	0
3546	-1	-1
3547	-1	-1
3548	-1	-1
3549	-1	-1
3550	-1	-1
3551	1	1
3552	1	1
3553	-1	-1
3554	-1	-1
3555	1	0
3556	1	1
3557	1	1
3558	1	1
3559	-1	-1
3560	-1	-1
3561	-1	-1
3562	-1	-1
3563	0	0
3564	-1	-1
3565	-1	-1
3566	-1	-1
3567	0	0
3568	-1	-1
3569	0	0
3570	-1	-1
3571	-1	-1
3572	-1	-1
3573	0	0
3574	-1	-1
3575	-1	-1
3576	0	0
3577	-1	-1
3578	0	0
3579	0	0
3580	1	0
3581	1	0
3582	1	1
3583	1	1
3584	-1	-1
3585	-1	-1
3586	1	1
3587	0	0
3588	0	0
3589	-1	-1
3590	1	1
3591	0	0
3592	-1	-1
3593	0	0
3594	1	0
3595	-1	-1
3596	1	1
3597	0	0
3598	1	1
3599	-1	-1
3600	0	0
3601	-1	-1
3602	-1	-1
3603	-1	-1
3604	1	0
3605	0	0
3606	1	1
3607	0	0
3608	-1	-1
3609	-1	-1
3610	-1	-1
3611	0	0
3612	1	1
3613	-1	-1
3614	0	0
3615	1	0
3616	1	1
3617	0	0
3618	0	0
3619	0	0
3620	-1	-1
3621	0	0
3622	1	1
3623	0	0
3624	1	1
3625	1	0
3626	1	1
3627	1	1
3628	-1	-1
3629	-1	-1
3630	-1	-1
3631	-1	-1
3632	0	0
3633	-1	-1
3634	-1	-1
3635	0	0
3636	-1	-1
3637	-1	-1
3638	1	1
3639	-1	-1
3640	0	0
3641	-1	-1
3642	1	1
3643	1	0
3644	-1	-1
3645	-1	-1
3646	-1	-1
3647	1	1
3648	0	0
3649	-1	-1
3650	-1	-1
3651	1	0
3652	-1	-1
3653	-1	-1
3654	1	0
3655	-1	-1
3656	1	0
3657	-1	-1
3658	0	0
3659	1	1
3660	-1	-1
3661	1	0
3662	1	1
3663	0	0
3664	-1	-1
3665	1	0
3666	-1	-1
3667	0	0
3668	-1	-1
3669	-1	-1
3670	0	0
3671	-1	-1
3672	-1	-1
3673	0	0
3674	1	0
3675	-1	-1
3676	0	0
3677	0	0
3678	-1	-1
3679	1	1
3680	0	0
3681	1	0
3682	-1	-1
3683	-1	-1
3684	0	0
3685	0	0
3686	-1	-1
3687	0	0
3688	0	0
3689	0	0
3690	0	0
3691	-1	-1
3692	-1	-1
3693	0	0
3694	-1	-1
3695	1	0
3696	0	0
3697	-1	-1
3698	0	0
3699	0	0
3700	-1	-1
3701	0	0
3702	0	0
3703	1	0
3704	0	0
3705	0	0
3706	0	0
3707	-1	-1
3708	1	1
3709	1	1
3710	0	0
3711	-1	-1
3712	-1	-1
3713	0	0
3714	0	0
3715	0	0
3716	0	0
3717	-1	-1
3718	-1	-1
3719	0	0
3720	1	0
3721	-1	-1
3722	1	0
3723	-1	-1
3724	-1	-1
3725	0	0
3726	-1	-1
3727	-1	-1
3728	1	1
3729	-1	-1
3730	1	1
3731	1	0
3732	1	1
3733	0	0
3734	0	0
3735	-1	-1
3736	0	0
3737	1	1
3738	-1	-1
3739	-1	-1
3740	-1	-1
3741	-1	-1
3742	-1	-1
3743	0	0
3744	0	0
3745	0	0
3746	1	1
3747	-1	-1
3748	-1	-1
3749	-1	-1
3750	-1	-1
3751	-1	-1
3752	-1	-1
3753	1	1
3754	-1	-1
3755	0	0
3756	0	0
3757	0	0
3758	-1	-1
3759	-1	-1
3760	1	0
3761	-1	-1
3762	1	1
3763	1	1
3764	-1	-1
3765	-1	-1
3766	-1	-1
3767	-1	-1
3768	0	0
3769	0	0
3770	1	0
3771	-1	-1
3772	1	1
3773	0	0
3774	-1	-1
3775	1	1
3776	1	1
3777	1	1
3778	-1	-1
3779	0	0
3780	-1	-1
3781	1	1
3782	-1	-1
3783	-1	-1
3784	-1	-1
3785	-1	-1
3786	1	0
3787	1	1
3788	1	0
3789	-1	-1
3790	0	0
3791	-1	-1
3792	1	0
3793	-1	-1
3794	-1	-1
3795	0	0
3796	1	1
3797	-1	-1
3798	-1	-1
3799	0	0
3800	-1	-1
3801	-1	-1
3802	-1	-1
3803	1	1
3804	-1	-1
3805	-1	-1
3806	-1	-1
3807	0	0
3808	1	1
3809	1	1
3810	0	0
3811	0	0
3812	0	0
3813	1	0
3814	-1	-1
3815	-1	-1
3816	0	0
3817	-1	-1
3818	-1	-1
3819	-1	-1
3820	0	0
3821	1	1
3822	1	1
3823	-1	-1
3824	-1	-1
3825	-1	-1
3826	-1	-1
3827	-1	-1
3828	-1	-1
3829	0	0
3830	0	0
3831	0	0
3832	-1	-1
3833	1	0
3834	1	0
3835	-1	-1
3836	1	1
3837	-1	-1
3838	1	0
3839	1	1
3840	1	1
3841	-1	-1
3842	-1	-1
3843	-1	-1
3844	-1	-1
3845	0	0
3846	1	1
3847	-1	-1
3848	-1	-1
3849	1	0
3850	-1	-1
3851	-1	-1
3852	-1	-1
3853	1	0
3854	-1	-1
3855	0	0
3856	-1	-1
3857	-1	-1
3858	-1	-1
3859	-1	-1
3860	1	1
3861	1	0
3862	0	0
3863	0	0
3864	1	0
3865	-1	-1
3866	0	0
3867	-1	-1
3868	-1	-1
3869	1	1
3870	0	0
3871	1	1
3872	-1	-1
3873	-1	-1
3874	0	0
3875	-1	-1
3876	1	1
3877	-1	-1
3878	-1	-1
3879	0	0
3880	0	0
3881	1	0
3882	-1	-1
3883	-1	-1
3884	0	0
3885	0	0
3886	0	0
3887	0	0
3888	-1	-1
3889	0	0
3890	1	1
3891	-1	-1
3892	1	1
3893	0	0
3894	-1	-1
3895	1	1
3896	0	0
3897	0	0
3898	-1	-1
3899	0	0
3900	0	0
3901	-1	-1
3902	-1	-1
3903	1	0
3904	0	0
3905	-1	-1
3906	0	0
3907	1	0
3908	0	0
3909	0	0
3910	-1	-1
3911	0	0
3912	-1	-1
3913	1	1
3914	1	0
3915	1	1
3916	-1	-1
3917	-1	-1
3918	1	1
3919	-1	-1
3920	-1	-1
3921	0	0
3922	0	0
3923	-1	-1
3924	0	0
3925	0	0
3926	-1	-1
3927	1	0
3928	0	0
3929	0	0
3930	1	0
3931	0	0
3932	-1	-1
3933	0	0
3934	-1	-1
3935	1	1
3936	-1	-1
3937	-1	-1
3938	1	1
3939	0	0
3940	0	0
3941	-1	-1
3942	0	0
3943	0	0
3944	1	0
3945	0	0
3946	0	0
3947	0	0
3948	-1	-1
3949	1	0
3950	0	0
3951	0	0
3952	0	0
3953	-1	-1
3954	0	0
3955	0	0
3956	-1	-1
3957	0	0
3958	0	0
3959	0	0
3960	0	0
3961	-1	-1
3962	0	0
3963	1	0
3964	-1	-1
3965	0	0
3966	-1	-1
3967	-1	-1
3968	0	0
3969	0	0
3970	0	0
3971	0	0
3972	0	0
3973	0	0
3974	0	0
3975	0	0
3976	0	0
3977	0	0
3978	0	0
3979	1	1
3980	0	0
3981	-1	-1
3982	0	0
3983	0	0
3984	1	0
3985	0	0
3986	-1	-1
3987	-1	-1
3988	0	0
3989	0	0
3990	-1	-1
3991	0	0
3992	-1	-1
3993	0	0
3994	0	0
3995	0	0
3996	1	1
3997	0	0
3998	-1	-1
3999	-1	-1
4000	-1	-1
4001	0	0
4002	0	0
4003	1	1
4004	-1	-1
4005	1	1
4006	0	0
4007	0	0
4008	1	1
4009	0	0
4010	0	0
4011	-1	-1
4012	0	0
4013	-1	-1
4014	1	0
4016	0	0
4017	1	0
4018	-1	-1
4019	0	0
4020	1	0
4021	0	0
4022	0	0
4023	0	0
4024	-1	-1
4025	0	0
4026	1	1
4027	0	0
4028	-1	-1
4029	-1	-1
4030	0	0
4031	-1	-1
4032	-1	-1
4033	1	1
4034	0	0
4035	0	0
4036	1	1
4037	-1	-1
4038	-1	-1
4039	0	0
4040	0	0
4041	-1	-1
4042	1	0
4043	0	0
4044	-1	-1
4045	1	0
4046	1	0
4047	1	1
4048	0	0
4049	0	0
4050	-1	-1
4051	0	0
4052	0	0
4053	-1	-1
4054	1	1
4055	1	1
4056	0	0
4057	0	0
4058	-1	-1
4059	-1	-1
4060	1	1
4061	-1	-1
4062	0	0
4063	1	0
4064	0	0
4065	1	1
4066	-1	-1
4067	-1	-1
4068	0	0
4069	-1	-1
4070	0	0
4071	0	0
4072	-1	-1
4073	1	0
4074	0	0
4075	-1	-1
4076	-1	-1
4077	1	1
4078	1	0
4079	1	0
4080	0	0
4081	-1	-1
4082	-1	-1
4083	1	1
4084	-1	-1
4085	0	0
4086	1	0
4087	0	0
4088	0	0
4089	1	1
4090	-1	-1
4091	-1	-1
4092	-1	-1
4093	1	0
4094	-1	-1
4095	1	1
4096	-1	-1
4097	0	0
4098	1	1
4099	-1	-1
4100	-1	-1
4101	1	0
4102	-1	-1
4103	0	0
4104	-1	-1
4105	-1	-1
4106	-1	-1
4107	0	0
4108	-1	-1
4109	1	0
4110	0	0
4111	0	0
4112	0	0
4113	-1	-1
4114	1	0
4115	-1	-1
4116	-1	-1
4117	1	0
4118	0	0
4119	-1	-1
4120	1	0
4121	-1	-1
4122	1	0
4123	1	0
4124	-1	-1
4125	1	0
4126	1	1
4127	-1	-1
4128	1	1
4129	0	0
4130	0	0
4131	0	0
4132	1	1
4133	1	0
4134	1	0
4135	1	1
4136	0	0
4137	-1	-1
4138	0	0
4139	0	0
4140	-1	-1
4141	-1	-1
4142	-1	-1
4143	0	0
4144	-1	-1
4145	1	1
4146	0	0
4147	1	1
4148	1	1
4149	-1	-1
4150	-1	-1
4151	1	1
4152	0	0
4153	-1	-1
4154	0	0
4155	1	1
4156	1	1
4157	-1	-1
4158	1	0
4159	0	0
4160	1	1
4161	-1	-1
4162	-1	-1
4163	0	0
4164	1	0
4165	0	0
4166	-1	-1
4167	1	0
4168	-1	-1
4169	1	1
4170	0	0
4171	0	0
4172	0	0
4173	-1	-1
4174	-1	-1
4175	0	0
4176	1	1
4177	-1	-1
4178	0	0
4179	-1	-1
4180	1	0
4181	1	1
4182	1	1
4183	-1	-1
4184	-1	-1
4185	0	0
4186	0	0
4187	0	0
4188	1	1
4189	0	0
4190	-1	-1
4191	-1	-1
4192	1	1
4193	1	0
4194	1	1
4195	-1	-1
4196	1	0
4197	0	0
4198	-1	-1
4199	0	0
4200	1	0
4201	0	0
4202	1	1
4203	0	0
4204	1	1
4205	0	0
4206	-1	-1
4207	1	0
4208	0	0
4209	-1	-1
4210	1	0
4211	-1	-1
4212	-1	-1
4213	1	0
4214	0	0
4215	1	0
4216	0	0
4217	1	1
4218	-1	-1
4219	-1	-1
4220	1	1
4221	0	0
4222	1	1
4223	-1	-1
4224	-1	-1
4225	1	1
4226	-1	-1
4227	-1	-1
4228	-1	-1
4229	-1	-1
4230	1	0
4231	0	0
4232	-1	-1
4233	-1	-1
4234	0	0
4235	-1	-1
4236	0	0
4237	-1	-1
4238	1	0
4239	-1	-1
4240	0	0
4241	-1	-1
4242	0	0
4243	0	0
4244	-1	-1
4245	-1	-1
4246	-1	-1
4247	-1	-1
4248	-1	-1
4249	-1	-1
4250	0	0
4251	-1	-1
4252	1	0
4253	-1	-1
4254	-1	-1
4255	-1	-1
4256	-1	-1
4257	1	0
4258	-1	-1
4259	-1	-1
4260	1	0
4261	-1	-1
4262	-1	-1
4263	1	0
4264	0	0
4265	-1	-1
4266	0	0
4267	1	0
4268	-1	-1
4269	-1	-1
4270	0	0
4271	1	1
4272	1	1
4273	-1	-1
4274	-1	-1
4275	0	0
4276	0	0
4277	-1	-1
4278	0	0
4279	-1	-1
4280	1	0
4281	-1	-1
4282	1	0
4283	0	0
4284	1	0
4285	-1	-1
4286	1	1
4287	1	0
4288	1	0
4289	0	0
4290	0	0
4291	-1	-1
4292	0	0
4293	-1	-1
4294	0	0
4295	1	1
4296	-1	-1
4297	-1	-1
4298	0	0
4299	1	0
4300	-1	-1
4301	0	0
4302	1	0
4303	-1	-1
4304	-1	-1
4305	-1	-1
4306	-1	-1
4307	0	0
4308	0	0
4309	0	0
4310	-1	-1
4311	0	0
4312	0	0
4313	-1	-1
4314	-1	-1
4315	0	0
4316	0	0
4317	-1	-1
4318	0	0
4319	1	0
4320	-1	-1
4321	0	0
4322	0	0
4323	1	0
4324	0	0
4325	0	0
4326	-1	-1
4327	0	0
4328	1	1
4329	0	0
4330	0	0
4331	1	1
4332	-1	-1
4333	0	0
4334	-1	-1
4335	-1	-1
4336	-1	-1
4337	0	0
4338	0	0
4339	-1	-1
4340	-1	-1
4341	1	0
4342	0	0
4343	-1	-1
4344	0	0
4345	0	0
4346	0	0
4347	1	0
4348	-1	-1
4349	-1	-1
4350	-1	-1
4351	0	0
4352	-1	-1
4353	-1	-1
4354	1	1
4355	-1	-1
4356	-1	-1
4357	1	1
4358	-1	-1
4359	0	0
4360	1	1
4361	0	0
4362	-1	-1
4363	-1	-1
4364	1	1
4365	-1	-1
4366	0	0
4367	-1	-1
4368	-1	-1
4369	1	1
4370	0	0
4371	-1	-1
4372	1	0
4373	-1	-1
4374	0	0
4375	1	1
4376	0	0
4377	1	1
4378	0	0
4379	0	0
4380	0	0
4381	-1	-1
4382	1	1
4383	0	0
4384	0	0
4385	0	0
4386	1	1
4387	-1	-1
4388	-1	-1
4389	0	0
4390	1	0
4391	0	0
4392	0	0
4393	0	0
4394	0	0
4395	0	0
4396	0	0
4397	0	0
4398	0	0
4399	-1	-1
4400	-1	-1
4401	0	0
4402	0	0
4403	-1	-1
4404	0	0
4405	0	0
4406	1	1
4407	0	0
4408	0	0
4409	-1	-1
4410	-1	-1
4411	-1	-1
4412	-1	-1
4413	0	0
4414	0	0
4415	-1	-1
4416	-1	-1
4417	0	0
4418	1	1
4419	-1	-1
4420	-1	-1
4421	0	0
4422	0	0
4423	-1	-1
4424	1	0
4425	0	0
4426	0	0
4427	0	0
4428	0	0
4429	-1	-1
4430	0	0
4431	1	0
4432	-1	-1
4433	0	0
4434	1	1
4435	1	0
4436	1	1
4437	-1	-1
4438	0	0
4439	0	0
4440	1	1
4441	-1	-1
4442	0	0
4443	-1	-1
4444	0	0
4445	-1	-1
4446	0	0
4447	-1	-1
4448	1	0
4449	0	0
4450	0	0
4451	-1	-1
4452	-1	-1
4453	0	0
4454	0	0
4455	1	1
4456	-1	-1
4457	0	0
4458	-1	-1
4459	1	1
4460	-1	-1
4461	1	0
4462	0	0
4463	-1	-1
4464	-1	-1
4465	0	0
4466	0	0
4467	-1	-1
4468	-1	-1
4469	0	0
4470	1	1
4471	-1	-1
4472	1	1
4473	-1	-1
4474	1	0
4475	0	0
4476	-1	-1
4477	0	0
4478	0	0
4479	0	0
4480	0	0
4481	0	0
4482	1	0
4483	1	1
4484	1	1
4485	0	0
4486	0	0
4487	-1	-1
4488	-1	-1
4489	-1	-1
4490	0	0
4491	-1	-1
4492	-1	-1
4493	-1	-1
4494	1	1
4495	-1	-1
4496	0	0
4497	-1	-1
4498	-1	-1
4499	0	0
4500	0	0
4501	0	0
4502	-1	-1
4503	1	1
4504	-1	-1
4505	1	0
4506	0	0
4507	0	0
4508	0	0
4509	-1	-1
4510	-1	-1
4511	1	1
4512	0	0
4513	-1	-1
4514	-1	-1
4515	1	1
4516	-1	-1
4517	1	1
4518	-1	-1
4519	1	1
4520	1	1
4521	0	0
4522	-1	-1
4523	1	0
4524	1	0
4525	-1	-1
4526	-1	-1
4527	1	0
4528	0	0
4529	0	0
4530	0	0
4531	1	0
4532	-1	-1
4533	-1	-1
4534	1	1
4535	0	0
4536	0	0
4537	-1	-1
4538	0	0
4539	-1	-1
4540	1	1
4541	-1	-1
4542	1	1
4543	0	0
4544	1	0
4545	0	0
4546	1	0
4547	0	0
4548	-1	-1
4549	0	0
4550	1	0
4551	-1	-1
4552	-1	-1
4553	0	0
4554	0	0
4555	0	0
4556	-1	-1
4557	0	0
4558	-1	-1
4559	0	0
4560	1	0
4561	1	1
4562	-1	-1
4563	0	0
4564	-1	-1
4565	1	1
4566	0	0
4567	-1	-1
4568	0	0
4569	-1	-1
4570	-1	-1
4571	0	0
4572	0	0
4573	1	1
4574	0	0
4575	0	0
4576	0	0
4577	0	0
4578	0	0
4579	0	0
4580	-1	-1
4581	0	0
4582	-1	-1
4583	-1	-1
4584	0	0
4585	-1	-1
4586	0	0
4587	0	0
4588	1	1
4589	0	0
4590	0	0
4591	1	1
4592	0	0
4593	0	0
4594	0	0
4595	0	0
4596	1	0
4597	0	0
4598	1	0
4599	0	0
4600	0	0
4601	0	0
4602	-1	-1
4603	0	0
4604	0	0
4605	0	0
4606	0	0
4607	-1	-1
4608	1	1
4609	1	1
4610	-1	-1
4611	-1	-1
4612	1	0
4613	0	0
4614	1	1
4615	-1	-1
4616	-1	-1
4617	0	0
4618	-1	-1
4619	0	0
4620	0	0
4621	0	0
4622	0	0
4623	0	0
4624	0	0
4625	-1	-1
4626	0	0
4627	0	0
4628	-1	-1
4629	-1	-1
4630	0	0
4631	0	0
4632	0	0
4633	1	1
4634	1	1
4635	-1	-1
4636	1	1
4637	0	0
4638	0	0
4639	-1	-1
4640	0	0
4641	1	1
4642	0	0
4643	-1	-1
4644	0	0
4645	0	0
4646	0	0
4647	-1	-1
4648	0	0
4649	-1	-1
4650	1	1
4651	1	1
4652	1	0
4653	1	0
4654	0	0
4655	0	0
4656	1	1
4657	0	0
4658	0	0
4659	0	0
4660	-1	-1
4661	0	0
4662	0	0
4663	0	0
4664	1	0
4665	-1	-1
4666	0	0
4667	-1	-1
4668	0	0
4669	1	0
4670	0	0
4671	0	0
4672	1	1
4673	-1	-1
4674	1	1
4675	-1	-1
4676	-1	-1
4677	0	0
4678	1	1
4679	1	1
4680	-1	-1
4681	1	0
4682	0	0
4683	-1	-1
4684	0	0
4685	1	1
4686	1	1
4687	-1	-1
4688	0	0
4689	-1	-1
4690	0	0
4691	0	0
4692	-1	-1
4693	1	0
4694	1	1
4695	0	0
4696	0	0
4697	1	1
4698	0	0
4699	0	0
4700	0	0
4701	-1	-1
4702	0	0
4703	1	1
4704	-1	-1
4705	1	0
4706	0	0
4707	0	0
4708	0	0
4709	0	0
4710	0	0
4711	-1	-1
4712	0	0
4713	0	0
4714	-1	-1
4715	0	0
4716	0	0
4717	0	0
4718	0	0
4719	0	0
4720	-1	-1
4721	-1	-1
4722	-1	-1
4723	0	0
4724	-1	-1
4725	-1	-1
4726	-1	-1
4727	0	0
4728	-1	-1
4729	1	1
4730	1	1
4731	0	0
4732	-1	-1
4733	-1	-1
4734	-1	-1
4735	1	1
4736	0	0
4737	0	0
4738	-1	-1
4739	-1	-1
4740	0	0
4741	1	1
4742	0	0
4743	1	1
4744	1	1
4745	1	1
4746	0	0
4747	0	0
4748	0	0
4749	0	0
4750	-1	-1
4751	0	0
4752	1	1
4753	0	0
4754	-1	-1
4755	0	0
4756	0	0
4757	-1	-1
4758	-1	-1
4759	-1	-1
4760	0	0
4761	-1	-1
4762	-1	-1
4763	-1	-1
4764	-1	-1
4765	0	0
4766	0	0
4767	0	0
4768	0	0
4769	-1	-1
4770	0	0
4771	-1	-1
4772	-1	-1
4773	-1	-1
4774	0	0
4775	-1	-1
4776	0	0
4777	1	1
4778	0	0
4779	0	0
4780	0	0
4781	0	0
4782	-1	-1
4783	-1	-1
4784	-1	-1
4785	-1	-1
4786	0	0
4787	0	0
4788	0	0
4789	-1	-1
4790	1	0
4791	1	0
4792	0	0
4793	1	0
4794	-1	-1
4795	-1	-1
4796	-1	-1
4797	-1	-1
4798	-1	-1
4799	0	0
4800	-1	-1
4801	-1	-1
4802	-1	-1
4803	1	1
4804	1	1
4805	1	1
4806	1	0
4807	0	0
4808	0	0
4809	1	0
4810	-1	-1
4811	1	0
4812	0	0
4813	-1	-1
4814	-1	-1
4815	-1	-1
4816	-1	-1
4817	-1	-1
4818	-1	-1
4819	1	1
4820	1	1
4821	-1	-1
4822	1	1
4823	0	0
4824	-1	-1
4825	-1	-1
4826	-1	-1
4827	-1	-1
4828	-1	-1
4829	-1	-1
4830	0	0
4831	-1	-1
4832	0	0
4833	-1	-1
4834	0	0
4835	0	0
4836	0	0
4837	0	0
4838	1	1
4839	0	0
4840	-1	-1
4841	0	0
4842	0	0
4843	-1	-1
4844	0	0
4845	0	0
4846	0	0
4847	0	0
4848	0	0
4849	0	0
4850	-1	-1
4851	0	0
4852	0	0
4853	0	0
4854	0	0
4855	-1	-1
4856	1	1
4857	-1	-1
4858	0	0
4859	1	1
4860	-1	-1
4861	0	0
4862	1	1
4863	0	0
4864	0	0
4865	-1	-1
4866	0	0
4867	1	1
4868	1	0
4869	-1	-1
4870	-1	-1
4871	1	0
4872	0	0
4873	-1	-1
4874	1	0
4875	1	1
4876	-1	-1
4877	-1	-1
4878	0	0
4879	0	0
4880	-1	-1
4881	0	0
4882	-1	-1
4883	0	0
4884	1	1
4885	1	0
4886	0	0
4887	0	0
4888	0	0
4889	0	0
4890	0	0
4891	0	0
4892	1	1
4893	-1	-1
4894	0	0
4895	0	0
4896	0	0
4897	0	0
4898	1	1
4899	-1	-1
4900	0	0
4901	0	0
4902	1	0
4903	1	0
4904	1	0
4905	1	1
4906	-1	-1
4907	0	0
4908	-1	-1
4909	0	0
4910	1	0
4911	1	1
4912	1	0
4913	-1	-1
4914	-1	-1
4915	-1	-1
4916	-1	-1
4917	1	0
4918	0	0
4919	-1	-1
4920	0	0
4921	-1	-1
4922	-1	-1
4923	0	0
4924	0	0
4925	0	0
4926	1	1
4927	1	1
4928	0	0
4929	-1	-1
4930	0	0
4931	0	0
4932	-1	-1
4933	0	0
4934	-1	-1
4935	-1	-1
4936	0	0
4937	1	1
4938	0	0
4939	0	0
4940	0	0
4941	0	0
4942	0	0
4943	1	1
4944	0	0
4945	-1	-1
4946	0	0
4947	1	1
4948	0	0
4949	1	1
4950	-1	-1
4951	0	0
4952	-1	-1
4953	-1	-1
4954	-1	-1
4955	0	0
4956	1	0
4957	0	0
4958	0	0
4959	0	0
4960	-1	-1
4961	0	0
4962	0	0
4963	1	1
4964	0	0
4965	0	0
4966	0	0
4967	0	0
4968	-1	-1
4969	1	1
4970	0	0
4971	1	0
4972	0	0
4973	-1	-1
4974	0	0
4975	1	1
4976	0	0
4977	0	0
4978	-1	-1
4979	0	0
4980	-1	-1
4981	0	0
4982	0	0
4983	-1	-1
4984	-1	-1
4985	-1	-1
4986	-1	-1
4987	1	1
4988	-1	-1
4989	-1	-1
4990	0	0
4991	1	1
4992	-1	-1
4993	1	1
4994	-1	-1
4995	0	0
4996	-1	-1
4997	0	0
4998	0	0
4999	-1	-1
5000	1	1
5001	1	1
5002	1	0
